,file_name,type
0,1008566138_6927679c8a.jpg,sunflower
1,10200780773_c6051a7d71_n.jpg,dandelion
2,10294487385_92a0676c7d_m.jpg,dandelion
3,10386522775_4f8c616999_m.jpg,rose
4,1043442695_4556c4c13d_n.jpg,sunflower
5,10437652486_aa86c14985.jpg,dandelion
6,10617191174_9a01753241_n.jpg,dandelion
7,10683189_bd6e371b97.jpg,dandelion
8,10791227_7168491604.jpg,rose
9,112334842_3ecf7585dd.jpg,tulip
10,11296320473_1d9261ddcb.jpg,dandelion
11,1140299375_3aa7024466.jpg,daisy
12,11441893003_ab83672800.jpg,tulip
13,11465213433_847c4fa261.jpg,dandelion
14,11746452_5bc1749a36.jpg,tulip
15,11834945233_a53b7a92ac_m.jpg,daisy
16,12238827553_cf427bfd51_n.jpg,rose
17,12517756805_56b74be742.jpg,tulip
18,12916017805_1cde91a891_n.jpg,tulip
19,13117907313_86c99c6441.jpg,sunflower
20,1314069875_da8dc023c6_m.jpg,daisy
21,13235124703_a7e1266e44.jpg,dandelion
22,13264214185_d6aa79b3bd.jpg,rose
23,134409839_71069a95d1_m.jpg,daisy
24,13509967925_eaaeefa396_m.jpg,tulip
25,13539827514_79b60b6c22_n.jpg,tulip
26,13562266594_69b807f90c.jpg,tulip
27,13826249325_f61cb15f86_n.jpg,daisy
28,13900486390_5a25785645_n.jpg,dandelion
29,13901930939_a7733c03f0_n.jpg,daisy
30,13910126337_53faf1d214_n.jpg,rose
31,13910544560_9140dd547e.jpg,tulip
32,1392131677_116ec04751.jpg,daisy
33,13997641965_80d5dab542_n.jpg,tulip
34,14009216519_b608321cf2_n.jpg,tulip
35,14019883858_e5d2a0ec10_n.jpg,rose
36,14021430525_e06baf93a9.jpg,daisy
37,14039129738_cc3ac0a623_n.jpg,tulip
38,14064735842_a946fba1ef_n.jpg,tulip
39,14065420729_9b388bf7cb_m.jpg,dandelion
40,14069841878_f3ac9d788d_n.jpg,tulip
41,14069842098_7a7bd956bf_n.jpg,tulip
42,14070457521_8eb41f65fa.jpg,dandelion
43,14084749296_6143c74c72_m.jpg,tulip
44,14087439392_969444f56e.jpg,tulip
45,14090546015_504c8becd1.jpg,tulip
46,14103897845_7986002615.jpg,tulip
47,14114116486_0bb6649bc1_m.jpg,daisy
48,141340262_ca2e576490.jpg,dandelion
49,14163875973_467224aaf5_m.jpg,daisy
50,14176042519_5792b37555.jpg,rose
51,14199664556_188b37e51e.jpg,dandelion
52,14235021006_dd001ea8ed_n.jpg,tulip
53,14253178581_4dfcedb4d3_n.jpg,tulip
54,14254329062_140c0f4f4f_n.jpg,tulip
55,14255917256_84c23c572b.jpg,tulip
56,14256494935_0ee69cfa03_n.jpg,tulip
57,14266093711_66d18a1e44_n.jpg,rose
58,14267691818_301aceda07.jpg,rose
59,14275234071_6e6f473356.jpg,tulip
60,14278605962_d3cce5522f.jpg,dandelion
61,14332947164_9b13513c71_m.jpg,daisy
62,14362539701_cf19e588ca.jpg,dandelion
63,14372713423_61e2daae88.jpg,daisy
64,14397276020_49f9423614.jpg,dandelion
65,14404468648_37903d7025_m.jpg,dandelion
66,14421389519_d5fd353eb4.jpg,daisy
67,14460075029_5cd715bb72_m.jpg,sunflower
68,14460081668_eda8795693_m.jpg,sunflower
69,14471433500_cdaa22e3ea_m.jpg,daisy
70,14472246629_72373111e6_m.jpg,sunflower
71,14569895116_32f0dcb0f9.jpg,daisy
72,1461381091_aaaa663bbe_n.jpg,rose
73,146242691_44d9c9d6ce_n.jpg,tulip
74,14646283472_50a3ae1395.jpg,sunflower
75,14810868100_87eb739f26_m.jpg,rose
76,14884028290_a1344eb446.jpg,dandelion
77,14925397761_46ecfa24e0.jpg,sunflower
78,14932787983_d6e05f2434_m.jpg,sunflower
79,14957470_6a8c272a87_m.jpg,tulip
80,14969295739_c132a08663_n.jpg,sunflower
81,15042911059_b6153d94e7_n.jpg,sunflower
82,15054865768_2cc87ac9d4_m.jpg,sunflower
83,15069459615_7e0fd61914_n.jpg,sunflower
84,15082212714_ff87e8fcb1_m.jpg,rose
85,15122622946_1707cfd8a5_n.jpg,sunflower
86,15122871130_6a7d0b4372_n.jpg,sunflower
87,15238348741_c2fb12ecf2_m.jpg,sunflower
88,15240466871_ec45b65554_m.jpg,sunflower
89,15275144259_f9a18ec9cb.jpg,sunflower
90,15358221063_2c6e548e84.jpg,dandelion
91,154332674_453cea64f4.jpg,daisy
92,15472217046_2699b25584.jpg,sunflower
93,15493195788_60530f2398_m.jpg,sunflower
94,155646858_9a8b5e8fc8.jpg,dandelion
95,15760811380_4d686c892b_n.jpg,dandelion
96,15922772266_1167a06620.jpg,rose
97,15978010566_5fa5905af1_n.jpg,rose
98,15987457_49dc11bf4b.jpg,dandelion
99,16018886851_c32746cb72.jpg,rose
100,16025261368_911703a536_n.jpg,daisy
101,16051111039_0f0626a241_n.jpg,rose
102,160954292_6c2b4fda65_n.jpg,rose
103,16133917184_b5755756bd_n.jpg,tulip
104,16139439153_fbdee29a10_n.jpg,tulip
105,16153267338_2f39906bcb_n.jpg,sunflower
106,16157873719_bf0bdf8558_n.jpg,rose
107,16242239484_51286673af.jpg,dandelion
108,16482676953_5296227d40_n.jpg,daisy
109,16568321388_fd07bac92a_n.jpg,tulip
110,16568530400_f7e4ffc633_n.jpg,tulip
111,16577886423_9b23622f1d_n.jpg,daisy
112,16644790896_7b296ecd67_n.jpg,tulip
113,16670377091_87987f50a4_n.jpg,tulip
114,16680927427_07ca6e4552_n.jpg,tulip
115,16832961488_5f7e70eb5e_n.jpg,sunflower
116,16904202259_8f45d045c3_m.jpg,tulip
117,16938892686_3613ea68e8_n.jpg,tulip
118,16988605969_570329ff20_n.jpg,sunflower
119,17020815734_81e8db8008_m.jpg,dandelion
120,17047231499_bd66c23641.jpg,dandelion
121,17105684129_e2cb69ea24_n.jpg,rose
122,17198868382_697b23c715_n.jpg,tulip
123,17202535346_ab828e779b.jpg,rose
124,172311368_49412f881b.jpg,rose
125,17282288501_e8738c9cfb_n.jpg,tulip
126,17291930305_79deae6a90_n.jpg,rose
127,17344936845_fec4d626b7.jpg,dandelion
128,17357636476_1953c07aa4_n.jpg,daisy
129,17408197905_829c4d7940_m.jpg,rose
130,175638423_058c07afb9.jpg,sunflower
131,17821980772_35164ae1e8_n.jpg,daisy
132,1788484468_f73afa6c32_n.jpg,rose
133,18183515403_13a9ca6d86_n.jpg,dandelion
134,18250039435_7654bc11be_n.jpg,dandelion
135,18304194360_2a4a0be631_m.jpg,dandelion
136,18385846351_3a2bf60427_n.jpg,sunflower
137,18464052396_6327841e65_n.jpg,rose
138,18464065816_88f194a890_n.jpg,daisy
139,184682095_46f8607278.jpg,sunflower
140,18492302751_cf6a5a583e_n.jpg,rose
141,18492322571_3b99e55560_n.jpg,tulip
142,1879567877_8ed2a5faa7_n.jpg,daisy
143,18843967474_9cb552716b.jpg,dandelion
144,19027407015_141c10ddcb_n.jpg,rose
145,19315333834_cfed7ae637_n.jpg,tulip
146,193878348_43571127b9_n.jpg,sunflower
147,19440805164_920b28da61_n.jpg,rose
148,1949195327_75f76c12b1.jpg,rose
149,19506262462_d0945c14a6.jpg,dandelion
150,19593576916_f5a083d7fe_n.jpg,dandelion
151,19595718862_c68896370c_m.jpg,sunflower
152,19722589898_233a0235af_n.jpg,rose
153,19732081840_f573a3827d_n.jpg,rose
154,19756232959_17cde3b9f0_m.jpg,sunflower
155,19868509504_b2fc173274_n.jpg,tulip
156,19915160340_ec904edbdf_n.jpg,sunflower
157,2001380507_19488ff96a_n.jpg,daisy
158,20022771089_3cc7e5086d_m.jpg,sunflower
159,200557983_10a88672fc.jpg,sunflower
160,20183028616_beb937e75c_m.jpg,sunflower
161,20183071136_c297e74fcc_m.jpg,sunflower
162,20282921225_6033da8cd5_n.jpg,tulip
163,20406385204_469f6749e2_n.jpg,sunflower
164,20410697750_c43973d1eb.jpg,sunflower
165,20481273479_d459834a3e_n.jpg,sunflower
166,20580471306_ab5a011b15_n.jpg,sunflower
167,20777358950_c63ea569a1.jpg,rose
168,20851336110_b17107948d_n.jpg,rose
169,20929606590_f92d4e59b7_n.jpg,tulip
170,21046610012_8942d32007_n.jpg,tulip
171,21084139365_f44cd2a685_n.jpg,tulip
172,21346056089_e6f8074e5f_m.jpg,rose
173,21652746_cc379e0eea_m.jpg,daisy
174,21657726011_2c94e341bc_n.jpg,dandelion
175,22093190909_77223e6f53_n.jpg,rose
176,2213954589_c7da4b1486.jpg,daisy
177,2220085701_896054d263_n.jpg,tulip
178,22405882322_d4561f8469_n.jpg,sunflower
179,22419079265_8902cddb7d_n.jpg,sunflower
180,2243427551_809b603992_z.jpg,tulip
181,2249756775_02e693beda_n.jpg,tulip
182,2331651885_619653a5d3.jpg,rose
183,2427626706_ffdf697f84_n.jpg,tulip
184,2443095419_17b920d155_m.jpg,sunflower
185,2443192475_c64c66d9c2.jpg,dandelion
186,2477231067_3aecef1bf8_n.jpg,dandelion
187,2488902131_3417698611_n.jpg,daisy
188,2502613166_2c231b47cb_n.jpg,dandelion
189,2512977446_ac498955ee.jpg,dandelion
190,2516714633_87f28f0314.jpg,dandelion
191,2521408074_e6f86daf21_n.jpg,daisy
192,2521811279_1f7fc353bf_n.jpg,dandelion
193,2536529152_33ef3ee078_n.jpg,daisy
194,2553703483_558d12668c_n.jpg,dandelion
195,2569516382_9fd7097b9b.jpg,dandelion
196,2609353769_dc3654f12f.jpg,rose
197,2612704455_efce1c2144_m.jpg,daisy
198,2619000556_6634478e64_n.jpg,sunflower
199,2646438199_b309cffd65_n.jpg,daisy
200,2697283969_c1f9cbb936.jpg,dandelion
201,2706304885_4916102704_n.jpg,sunflower
202,2721638730_34a9b7a78b.jpg,sunflower
203,2780702427_312333ef33.jpg,dandelion
204,2883115621_4837267ea1_m.jpg,sunflower
205,29138994986_267e0e36c9_n.jpg,dandelion
206,2938040169_eb38581359.jpg,dandelion
207,29687446176_096b86f44c_n.jpg,dandelion
208,29744655960_c0868b43da_n.jpg,rose
209,29744656500_f17578f7e3_n.jpg,rose
210,2980154410_bffd7a3452_n.jpg,sunflower
211,301964511_fab84ea1c1.jpg,daisy
212,3021333497_b927cd8596.jpg,dandelion
213,3052753519_d087aaeacb_n.jpg,rose
214,3062794421_295f8c2c4e.jpg,sunflower
215,3074406590_91c697c805_n.jpg,rose
216,3154932290_4bf43bd34f_n.jpg,sunflower
217,3196753837_411b03682d_n.jpg,sunflower
218,3334350831_f8755a2095_n.jpg,sunflower
219,33857574164_b0b724b567_n.jpg,dandelion
220,33872893913_72d64a9b85_n.jpg,daisy
221,33874126263_3f6f965784_n.jpg,daisy
222,33880234094_2541c9c83d_n.jpg,daisy
223,33887503434_a2762228f4_n.jpg,daisy
224,33891398493_e0b6d7f683_n.jpg,daisy
225,33892172244_684e99b6fc_n.jpg,dandelion
226,3393060921_2328b752f4.jpg,dandelion
227,34266042310_9c1abd8e11_n.jpg,tulip
228,34275152390_44e7262261_n.jpg,daisy
229,34288158610_6e42406193_n.jpg,daisy
230,34295444880_b4376b3a8b_n.jpg,daisy
231,34300874850_923cc2881c_n.jpg,sunflower
232,34323645656_afd53a9996_n.jpg,dandelion
233,34342014230_4230ae8e08_n.jpg,daisy
234,34346200780_c3a783a3ec_n.jpg,dandelion
235,3449794006_8c289840aa.jpg,tulip
236,3451646670_3eff7094b7_n.jpg,dandelion
237,34525649892_e2ea3eb051_n.jpg,rose
238,34539556222_f7ba32f704_n.jpg,daisy
239,34546791291_eb8e15e18a_n.jpg,sunflower
240,3456403987_5bd5fa6ece_n.jpg,daisy
241,34572755322_b43e90cae2_n.jpg,sunflower
242,34582964591_dc9f160fce_n.jpg,tulip
243,34583574661_8010a1fdf4_n.jpg,dandelion
244,34584449441_576a1336b1_n.jpg,sunflower
245,34585995071_13e07140d8_n.jpg,dandelion
246,34586667251_bfda649f33_n.jpg,tulip
247,34605411661_4e735bd995_n.jpg,dandelion
248,34637394046_f85541735d_n.jpg,daisy
249,3465599902_14729e2b1b_n.jpg,sunflower
250,34661399476_9ea7e2fd53_n.jpg,daisy
251,34664107325_701d5c6f08_n.jpg,daisy
252,3466923719_b4b6df7f8b_n.jpg,sunflower
253,34695605616_3b05bb1ef5_n.jpg,sunflower
254,34695914906_961f92ffcd_n.jpg,daisy
255,34697163155_5dc2571f23_n.jpg,dandelion
256,3485767306_6db7bdf536.jpg,tulip
257,3502085373_edc2c36992_n.jpg,tulip
258,3502615974_ef4bd13202_n.jpg,tulip
259,3504430338_77d6a7fab4_n.jpg,dandelion
260,3511104954_54eace015c_n.jpg,tulip
261,3533167406_e9f4cf10bb_m.jpg,sunflower
262,3539077354_c67aa7168d_m.jpg,dandelion
263,3584414925_1e6c4b61db_n.jpg,dandelion
264,3588872598_e0f9a1d2a1_m.jpg,daisy
265,3625257860_33efeef614_m.jpg,daisy
266,3661675690_ed2d05fa5f_n.jpg,rose
267,3667366832_7a8017c528_n.jpg,rose
268,3704305945_a80e60e2f6_m.jpg,daisy
269,3705716290_cb7d803130_n.jpg,rose
270,3706420943_66f3214862_n.jpg,daisy
271,3758221664_b19116d61f.jpg,daisy
272,3848405800_8eea982c40.jpg,sunflower
273,3858508462_db2b9692d1.jpg,sunflower
274,3871586333_5a708d5cf4_n.jpg,rose
275,394990940_7af082cf8d_n.jpg,rose
276,3971662839_5cb2963b20_n.jpg,tulip
277,40410963_3ac280f23a_n.jpg,sunflower
278,4209052442_7e754f617c_n.jpg,tulip
279,4231745228_ece86330d9.jpg,rose
280,4258272073_f616d1e575_m.jpg,daisy
281,4276898893_609d11db8b.jpg,daisy
282,4279989256_9a48c0d194_n.jpg,rose
283,4301689054_20519e5b68.jpg,daisy
284,4333085242_bbeb3e2841_m.jpg,daisy
285,4396642388_3081a38875_n.jpg,rose
286,4495885281_fe2a3b671d.jpg,rose
287,4510938552_6f7bae172a_n.jpg,dandelion
288,4546299243_23cd58eb43.jpg,tulip
289,4546316433_202cc68c55.jpg,tulip
290,4550784336_584d7a65de_m.jpg,dandelion
291,4553203984_9cb9312240_n.jpg,tulip
292,4555842486_dd214a84d7_n.jpg,tulip
293,4574737576_044403a997_n.jpg,dandelion
294,4582198748_20fa7caaa1.jpg,tulip
295,4588034197_e300b0872a_n.jpg,rose
296,4588904196_3c5825c7f4.jpg,rose
297,4599815420_8ee42c2382.jpg,tulip
298,4602809199_d3030cef01_m.jpg,tulip
299,4625089819_55c45a189c.jpg,rose
300,4632761610_768360d425.jpg,dandelion
301,4668543441_79040ca329_n.jpg,daisy
302,4753134939_8e87649db6.jpg,daisy
303,4765063233_f64440c20b.jpg,rose
304,477207005_6327db8393_m.jpg,daisy
305,477316928_a70a31a704_m.jpg,dandelion
306,4790631791_21e9648097_n.jpg,daisy
307,4792826628_aa5e5a9804_n.jpg,daisy
308,4809566219_88f9a1aea3.jpg,rose
309,4813483281_f3707a71e7_n.jpg,rose
310,4847150510_7a5db086fa.jpg,dandelion
311,486234138_688e01aa9b_n.jpg,dandelion
312,4877195645_791c3a83b9_m.jpg,sunflower
313,4890786831_91bb82a9e4_n.jpg,tulip
314,4910094611_8c7170fc95_n.jpg,rose
315,4914793782_d0ea760791.jpg,sunflower
316,4980406384_791774d953.jpg,sunflower
317,5001843683_ac3e5f2c87_n.jpg,rose
318,5001847255_34ff6146ec_n.jpg,rose
319,5001853887_0623dd2111_n.jpg,rose
320,5001854143_d868390640_n.jpg,rose
321,5001856549_7e0a640488_n.jpg,rose
322,5002447434_9b06760f63_n.jpg,rose
323,5002456992_4da0df247a_n.jpg,rose
324,5014137563_d03eb0ed75_n.jpg,daisy
325,5043409856_395300dbe5_m.jpg,sunflower
326,506659320_6fac46551e.jpg,dandelion
327,5109508979_68e3530791_m.jpg,daisy
328,512694812_48ba9c0b49_n.jpg,rose
329,5133243796_44de429de5_m.jpg,daisy
330,5139977579_ea2dd6a322_m.jpg,sunflower
331,515112668_a49c69455a.jpg,sunflower
332,515121050_dcb99890be.jpg,rose
333,5156037859_1673720a11_m.jpg,rose
334,519880292_7a3a6c6b69.jpg,daisy
335,520752848_4b87fb91a4.jpg,daisy
336,5249566718_6109630c83_m.jpg,rose
337,5292988046_a10f4b0365_n.jpg,rose
338,5335936115_0292d0beef_n.jpg,rose
339,5335945309_852d018a27_n.jpg,rose
340,5336545886_7b93463c06_n.jpg,rose
341,5336551618_16d4eea9c4_n.jpg,rose
342,5349249357_d4c0523f7e_n.jpg,rose
343,5349251139_92539c279a_n.jpg,rose
344,5349865556_e3263fbdc0_n.jpg,rose
345,5360769702_ec28c53b9e_n.jpg,rose
346,5398569540_7d134c42cb_n.jpg,rose
347,5415782938_6ce6e4a90d_n.jpg,rose
348,5435513198_90ce39f1aa_n.jpg,daisy
349,5512287917_9f5d3f0f98_n.jpg,daisy
350,5565089564_a30c318f44.jpg,tulip
351,5578766623_542c91dfaa_n.jpg,rose
352,5586977262_6b24412805_n.jpg,dandelion
353,5628515159_6b437ff1e5_n.jpg,dandelion
354,563847503_89e9756c80.jpg,rose
355,5673551_01d1ea993e_n.jpg,daisy
356,5673728_71b8cb57eb.jpg,tulip
357,5674167473_ac696c8989_n.jpg,tulip
358,5674695558_61397a1584.jpg,tulip
359,5674704952_9bd225ed9e_n.jpg,tulip
360,5693489465_2d0b2e4eb2_n.jpg,rose
361,5700466891_2bcb17fa68_n.jpg,tulip
362,5700781400_65761f3fce.jpg,daisy
363,5716633491_55e6f02645_n.jpg,dandelion
364,5718511762_43b08f50ff_n.jpg,daisy
365,5718512892_a175a94c45_n.jpg,tulip
366,5740633858_8fd54c23c9_n.jpg,dandelion
367,5760890854_c3e009bc8a_n.jpg,dandelion
368,5762590366_5cf7a32b87_n.jpg,dandelion
369,5776879272_95008399c3.jpg,dandelion
370,5777669976_a205f61e5b.jpg,rose
371,578938011_34918b1468.jpg,dandelion
372,5794835_d15905c7c8_n.jpg,daisy
373,5811022098_2523ca4e82.jpg,tulip
374,5896674046_a4879f718e_n.jpg,sunflower
375,5923085891_27617463fe.jpg,sunflower
376,5933438337_b26a81ea81_n.jpg,sunflower
377,5937914300_bfca430439_n.jpg,sunflower
378,5955501969_e42f038a6f_n.jpg,sunflower
379,5963905278_6a8efc6b27_n.jpg,tulip
380,5967284308_85714d8cf7_m.jpg,sunflower
381,5970869550_d7d9fabebd_n.jpg,sunflower
382,5979668702_fdaec9e164_n.jpg,sunflower
383,5990626258_697f007308_n.jpg,rose
384,6046940312_8faf552f3e_n.jpg,daisy
385,6053143173_991c011b23.jpg,rose
386,6104713425_8a3277e34a.jpg,sunflower
387,6125761554_4e72819ce4_m.jpg,dandelion
388,6198569425_e953b9e6cc_m.jpg,sunflower
389,6231418894_7946a7712b_n.jpg,rose
390,6250692311_cb60c85ee9_n.jpg,sunflower
391,6265084065_7a8b30cc6e_n.jpg,sunflower
392,6280787884_141cd7b382_n.jpg,rose
393,645330051_06b192b7e1.jpg,dandelion
394,6495559397_61d01c0c57.jpg,sunflower
395,6495802659_98b57e0cca_m.jpg,dandelion
396,6606806621_5267acdd38.jpg,sunflower
397,6606817351_10f6e43a09.jpg,sunflower
398,6776075110_1ea7a09dd4_n.jpg,daisy
399,6808860548_53796b90ca_n.jpg,tulip
400,6888894675_524a6accab_n.jpg,dandelion
401,6918170172_3215766bf4_m.jpg,dandelion
402,6936168062_a31c28b77c_m.jpg,tulip
403,6950609394_c53b8c6ac0_m.jpg,rose
404,6954604340_d3223ed296_m.jpg,dandelion
405,6970683464_f70838ca3a_n.jpg,rose
406,7055500907_dcf2bb50e0.jpg,tulip
407,7141019507_4a44c6e888_m.jpg,dandelion
408,7153497513_076486e26b_n.jpg,dandelion
409,7166567320_0a2beb6d42_n.jpg,tulip
410,7166570828_7c26ca5766_n.jpg,tulip
411,7166596680_a01961a618_n.jpg,tulip
412,7166616072_1233051d98_n.jpg,tulip
413,7166623602_256179ab00_n.jpg,tulip
414,7176729812_7c053921fb_m.jpg,sunflower
415,7188513571_c8527b123a_n.jpg,daisy
416,7193058132_36fd883048_m.jpg,dandelion
417,7227973870_806d9d3e42_n.jpg,daisy
418,7247192002_39b79998f0_n.jpg,dandelion
419,7304710956_015b41f802_m.jpg,rose
420,7308600792_27cff2f73f.jpg,dandelion
421,7316409504_7cf3707f8a_m.jpg,rose
422,7420699022_60fa574524_m.jpg,rose
423,7448453384_fb9caaa9af_n.jpg,dandelion
424,7456439862_8b1ae909b7_n.jpg,rose
425,7461897398_0053093145_n.jpg,rose
426,7469617666_0e1a014917.jpg,dandelion
427,7471890480_498910f3e3_n.jpg,rose
428,7471891186_195bb02c98_n.jpg,rose
429,7629784968_b953501902_n.jpg,daisy
430,8008258043_5457dd254b_n.jpg,sunflower
431,8014734302_65c6e83bb4_m.jpg,sunflower
432,8021540573_c56cf9070d_n.jpg,dandelion
433,8035910225_125beceb98_n.jpg,rose
434,8209458141_38f38be65c_m.jpg,rose
435,8273451349_acd4748da6_n.jpg,rose
436,8348621545_8f02b82662_n.jpg,daisy
437,8405273313_bef13f6c27_n.jpg,daisy
438,8437935944_aab997560a_n.jpg,rose
439,8446495985_f72d851482.jpg,daisy
440,8523394349_61b31fdd8f_m.jpg,rose
441,8543642705_b841b0e5f6.jpg,sunflower
442,8616684075_71923bb771_n.jpg,daisy
443,8632704230_ccafc5f7e2.jpg,dandelion
444,8668974855_8389ecbdca_m.jpg,tulip
445,8686332852_c6dcb2e86b.jpg,tulip
446,8690791226_b1f015259f_n.jpg,tulip
447,8695372372_302135aeb2.jpg,tulip
448,8713394070_b24561b0a9.jpg,tulip
449,8719032054_9a3ce4f0ff.jpg,dandelion
450,8723767157_c45bfd3ab6.jpg,rose
451,8735646181_fa9787d4e0.jpg,sunflower
452,8759118120_9eac064e38_n.jpg,dandelion
453,8887005939_b19e8305ee.jpg,rose
454,8929213942_5544191250_n.jpg,sunflower
455,8966818334_483f4489be_n.jpg,dandelion
456,9152356642_06ae73113f.jpg,dandelion
457,9167147034_0a66ee3616_n.jpg,rose
458,9188647508_3b56e62f69.jpg,dandelion
459,9216286162_6ceefdd1b4_m.jpg,sunflower
460,9216321995_83df405ea9.jpg,rose
461,9240005603_6a9b71dcea_n.jpg,sunflower
462,9242705328_eee8402a8d.jpg,daisy
463,9301891790_971dcfb35d_m.jpg,dandelion
464,9302733302_2cb92cf275.jpg,sunflower
465,9346508462_f0af3163f4.jpg,daisy
466,9350942387_5b1d043c26_n.jpg,daisy
467,9399711558_7cb9547cd3_n.jpg,sunflower
468,9400904374_37723396e3_n.jpg,sunflower
469,9404876600_04f6d37685.jpg,rose
470,9445830851_e9a126fd1d_n.jpg,sunflower
471,9483429732_5ae73eb672_n.jpg,sunflower
472,9515186037_3be48fe68f.jpg,daisy
473,9535500195_543d0b729b.jpg,sunflower
474,9609569441_eeb8566e94.jpg,rose
475,9870557734_88eb3b9e3b_n.jpg,dandelion
476,9947385346_3a8cacea02_n.jpg,sunflower
